cohort,year,event_time,att,n_treated,n_control
2018,2013,-5,-0.0095621625588547,54,1688
2018,2014,-4,-0.030247253794198126,54,1688
2018,2015,-3,-0.04614856890134185,54,1688
2018,2016,-2,0.02005835843945522,54,1688
2018,2018,0,-0.04100584179668335,54,1688
2018,2019,1,-0.028221492640653222,54,1643
2018,2020,2,-0.01008912483604552,54,1603
2018,2021,3,-0.022290772598317264,54,1562
2018,2022,4,-0.017006310272522612,54,1514
2018,2023,5,-0.05011196954675828,54,1456
2018,2024,6,-0.01695146758856591,54,1389
2019,2013,-6,-0.0553957951113587,45,1252
2019,2014,-5,-0.04577471248050968,45,1252
2019,2015,-4,-0.015535551198617392,45,1252
2019,2016,-3,-0.03444249706469164,45,1252
2019,2017,-2,0.011812904769117723,45,1252
2019,2019,0,-0.051858452571113905,45,1252
2019,2020,1,-0.03085868284113536,45,1220
2019,2021,2,-0.07741036655062822,45,1189
2019,2022,3,-0.04069504891409938,45,1152
2019,2023,4,-0.032833903574024485,45,1104
2019,2024,5,0.020486219123807423,45,1061
2020,2013,-7,-0.10578046741349542,40,1505
2020,2014,-6,-0.022758736166440374,40,1505
2020,2015,-5,-0.0882511247007273,40,1505
2020,2016,-4,0.0034457943082237055,40,1505
2020,2017,-3,-0.08341393340953253,40,1505
2020,2018,-2,-0.03688612298524759,40,1505
2020,2020,0,-0.0667422336236649,40,1505
2020,2021,1,-0.0007623156938192308,40,1467
2020,2022,2,-0.05759880832231988,40,1423
2020,2023,3,-0.03636687259879328,40,1367
2020,2024,4,-0.052195296733641205,40,1302
2021,2013,-8,-0.004494605108239503,48,1444
2021,2014,-7,-0.05132515258008717,48,1444
2021,2015,-6,-0.04573619110048234,48,1444
2021,2016,-5,0.008663670010494522,48,1444
2021,2017,-4,0.03208535646417177,48,1444
2021,2018,-3,0.01643337710676573,48,1444
2021,2019,-2,-0.00627062964240444,48,1444
2021,2021,0,0.0010233585907438833,48,1444
2021,2022,1,0.06778208660678922,48,1395
2021,2023,2,0.02122912950139028,48,1331
2021,2024,3,0.007428175472953282,48,1266
2022,2013,-9,-0.045334540175197904,53,1571
2022,2014,-8,-0.046368415589061115,53,1571
2022,2015,-7,-0.019213371110738543,53,1571
2022,2016,-6,-0.013233082086916086,53,1571
2022,2017,-5,-0.05865592968225336,53,1571
2022,2018,-4,-0.051705514798826846,53,1571
2022,2019,-3,-0.019879604372173294,53,1571
2022,2020,-2,0.012280956923218915,53,1571
2022,2022,0,-0.03822743740924895,53,1571
2022,2023,1,-0.03563139129910032,53,1505
2022,2024,2,-0.0437439210212356,53,1436
2023,2013,-10,-0.02799444238143368,69,1567
2023,2014,-9,-0.027663101806401275,69,1567
2023,2015,-8,-0.02422132168555637,69,1567
2023,2016,-7,-0.02998336148624626,69,1567
2023,2017,-6,0.0057668912672101495,69,1567
2023,2018,-5,-0.04195908931366536,69,1567
2023,2019,-4,-0.03817773917592504,69,1567
2023,2020,-3,0.004742343726998223,69,1567
2023,2021,-2,-0.015192146148627392,69,1567
2023,2023,0,-0.0201574036112268,69,1567
2023,2024,1,-0.00820373695464036,69,1497
2024,2013,-11,0.015443765323326171,74,1358
2024,2014,-10,-0.02570449100811139,74,1358
2024,2015,-9,0.011074081789599448,74,1358
2024,2016,-8,-0.021395370868500897,74,1358
2024,2017,-7,0.005362407656044387,74,1358
2024,2018,-6,-0.03172938695889901,74,1358
2024,2019,-5,-0.047625265211230894,74,1358
2024,2020,-4,-0.01836393235807767,74,1358
2024,2021,-3,-0.009671812664423728,74,1358
2024,2022,-2,-0.012387147578809009,74,1358
2024,2024,0,-0.05005158972485815,74,1358
