event_time,att,n_cohorts,n_treated,se,ci_lo,ci_hi
-5,-0.03973529694193177,7.0,383.0,0.017454512309004442,-0.07524896122967661,-0.0087433485194793
-4,-0.01929010419892869,7.0,383.0,0.016170792572214904,-0.0504756173900123,0.012991228751596844
-3,-0.02097076181610912,7.0,383.0,0.016685780361848476,-0.057698693023684695,0.006928250602742371
-2,-0.0038530531594281763,7.0,383.0,0.014293765910505364,-0.029847495601750457,0.025804021805494275
0,-0.03730873792902418,7.0,383.0,0.013727729762948964,-0.0638386240296024,-0.010913430534835991
1,-0.006938755306782372,6.0,309.0,0.021781893866308084,-0.05480263994772818,0.03230172031931286
2,-0.03179858819531781,5.0,240.0,0.024728162094452708,-0.08353527149024635,0.011273091421287799
3,-0.022102146538468332,4.0,187.0,0.026104852711865047,-0.07707505299876498,0.02403966684976711
4,-0.03225667830858253,3.0,139.0,0.03431600700549607,-0.10781950823526476,0.028386474235682784
5,-0.018021883787410226,2.0,99.0,0.026580474110497576,-0.07082174618215659,0.03182596153607486
