e,treated,control,n_treated,n_cohorts
-5,0.07264688166173132,0.09019872546883873,383,7
-4,0.09504446157891323,0.09215111264301754,383,7
-3,0.08774107330116711,0.08652838198245186,383,7
-2,0.10342079598697848,0.08509039601158228,383,7
-1,0.1097457402259883,0.08756228709116394,383,7
0,0.0813939364451616,0.09651922123936141,383,7
1,0.11840540373666193,0.09912280981370107,309,6
2,0.10522719004271487,0.10476185582714288,240,5
3,0.11801646406881446,0.10614384980295284,187,4
4,0.13718166659476616,0.128215162698466,139,3
5,0.13215445533320686,0.1286780467199017,99,2
